<core:FragmentDefinition xmlns:core="sap.ui.core"
    xmlns="sap.m"
    xmlns:viz="sap.viz.ui5.controls" xmlns:layout="sap.ui.layout"
    xmlns:mvc="sap.ui.core.mvc" xmlns:viz.feeds="sap.viz.ui5.controls.common.feeds"
    xmlns:viz.data="sap.viz.ui5.data" height="100%">
    <layout:FixFlex id='chartFixFlex' minFlexSize="250">
        <layout:flexContent>
            <viz:Popover id="idPopOver"></viz:Popover>

            <viz:VizFrame id="idVizFrame" uiConfig="{applicationSet:'fiori'}"
                height='100%' width="100%" vizType='line'>
                <viz:dataset>
                    <viz.data:FlattenedDataset id="graphPlayer" data="{path: '/PlayerGraphs', sorter: {path: 'measurementTime'}}">
                        <viz.data:dimensions>
                            <viz.data:DimensionDefinition name="Settimana" value="{measurementTime}" />
                        </viz.data:dimensions>
                        <viz.data:measures>
                            <viz.data:MeasureDefinition name="Condizione"
                                value="{cond}" />
                        </viz.data:measures>
                    </viz.data:FlattenedDataset>
                </viz:dataset>

                <viz:feeds>
                    <viz.feeds:FeedItem id='valueAxisFeed' uid="valueAxis" type="Measure"
                        values="Condizione" />
                    <viz.feeds:FeedItem id='categoryAxisFeed' uid="categoryAxis" type="Dimension"
                        values="Settimana" />
                </viz:feeds>
            </viz:VizFrame>
        </layout:flexContent>
    </layout:FixFlex>
</core:FragmentDefinition>