{
  "index.html": 1620894320880,
  "ext/controller/ListReportExt.controller.js": 1620978083193,
  "ext/controller/ObjectPageExt.controller.js": 1620984019117,
  "manifest.json": 1620997252798,
  "Component.js": 1620893176440,
  "manifest-bundle.zip": 1620997252810,
  "Component-preload.js": 1620997253078,
  "ext/controller/ObjectPageExt-dbg.controller.js": 1620984019117,
  "ext/controller/ListReportExt-dbg.controller.js": 1620978083193,
  "Component-dbg.js": 1620893176440,
  "ext/fragment/CustomSection.fragment.xml": 1620984633919,
  "i18n/i18n.properties": 1620893176444
}