{
    "welcomeFile": "/index.html",
    "authenticationMethod": "none",
    "routes": [
        {
            "source": "^/resources/(.*)$",
            "target": "/resources/$1",
            "authenticationType": "none",
            "destination": "ui5"
        },
        {
            "source": "^/test-resources/(.*)$",
            "target": "/test-resources/$1",
            "authenticationType": "none",
            "destination": "ui5"
        },
        {
            "source": "^/catalog/(.*)$",
            "target": "/catalog/$1",
            "authenticationType": "none",
            "destination": "backend"
        },
        {
            "source": "^(.*)$",
            "target": "$1",
            "service": "html5-apps-repo-rt",
            "authenticationType": "none"
        }
    ]
}